{
  "t1": 0.0849628,
  "t2": 0.10908540000000001
}